Category,Amount
Initial Setup Costs,
Development Costs,75000
Software and Tools,10000
Initial Infrastructure,5000
Marketing and Promotion,
Initial Marketing Campaign,15000
Website and Branding,5000
Legal and Administrative,
Legal Fees,5000
Office Setup and Supplies,3000
Ongoing Monthly Costs,
Operations,
Server and Hosting Fees,500
Software Licenses,200
Office Rent,2000
Utilities and Office Supplies,300
Salaries and Wages,
Developers and Support Staff,20000
Marketing and Sales Team,10000
Administrative Staff,5000
Marketing and Customer Acquisition,
Digital Marketing,5000
Community Engagement and Events,2000
Revenue Projections,
Subscription Model,
Monthly Subscription Fee,10
Initial User Base,1000
Monthly Revenue,10000
Projected User Growth,10% per month
Additional Revenue Streams,
Affiliate Marketing Partnerships,2000
Sponsored Content and Advertising,1000
Financial Projections for the First Year,
Total Costs,
Initial Setup Costs,88000
Monthly Operating Costs,540000
Total Year 1 Costs,628000
Total Year 1 Revenue,
Subscription Revenue,198000
Affiliate Marketing and Advertising,36000
Net Profit/Loss,
Total Year 1 Revenue,234000
Total Year 1 Costs,628000
Net Year 1 Loss,-394000
Break-Even Analysis,
Break-Even Users Per Month,6975 - 7640 users/month
Funding and Investment Needs,
Initial Funding Needed,628000
Potential Funding Sources,"Venture capital, grants, crowdfunding"
